coutry,male num,female num
China,713.51,681.87
America,161.905548,166.055269
Japan,61.84,65.25
